business_id,labels
1000,1 2 3 4 5 6 7
1001,0 1 6 8
100,1 2 4 5 6 7
1006,1 2 4 5 6
1010,0 6 8
101,1 2 3 4 5 6
1011,2 3 5 6
1012,1 2 3 5 6
1014,1 2 4 5 6
1015,1 5 6 7
1017,5 6 8
1022,0 2 3 5 8
1024,0 1 2 3 4 5 6
1026,1 2 4 5 6 7
1029,1 2 3 5 6 7
1030,0 3 5 8
103,1 2 3 4 5 6 7
1031,6 8
1032,1 2 3 5 6 7
1035,5 6 8
1036,1 2 4 5 6 7
1038,1 2 4 5 6 7
1039,0 8
1040,0 2 6 7 8
1041,0 8
1043,0 6 8
104,0 1 6 8
1044,0 8
1046,0 6 8
1048,0 1 2 3 5 6
1052,0 3 8
105,2 3 5 6
1054,6 8
1055,3 5 6
1056,8
1057,0 3 8
1059,1 2 3 5 6 7
1061,0 8
1063,6 8
1064,6 8
1065,1 2 5 6
1067,1 2 5 6 7 8
1069,3 8
1070,1 2 5 6 8
1073,0 1 2 3 5 6 7
1074,1 2 4 5 6 7
1075,0 2 3 5 6 8
1077,1 2 3 4 5 6 7
1079,5 6 8
1080,2 3 6 8
1081,1 2 4 5 6 7
108,1 2 3 4 5 6 7
1082,6 8
1083,1 2 4 5 6 7
1085,1 2 5 6 7
1086,1 2 3 5 6 7 8
1088,1 2 3 5 6 7 8
109,1 2 3 5 6 8
1091,1 2 4 5 6
1092,3 8
1093,0 8
1094,5 6 8
1096,1 2 3 5 6
1097,0 2 3 5 6 8
1098,8
1100,1 2 3 4 5 6 7
110,0 8
1101,1 2 3 5 6
1102,6 8
1103,3 5 6 8
1105,0 2 5 6 8
1106,2 3 4 5 6 7
1107,6 8
111,1 2 3 5 6 7
1114,1 2 4 5 6 7
1115,1 3 5 6
1118,1 2 3 4 5 6 7 8
1119,1 2 4 5 6 7
112,1 2 4 5 6 7
1129,6 8
1130,1 2 5 6 7
1131,0 8
1132,3 5 6 8
1133,0 8
1134,1 2 3 5 6 7
1136,6 8
1137,0 1 2 3 5 6 8
1138,1 2 3 4 5 6
1139,0 3 8
1140,1 2 4 5 6 7
1142,2 3 5 6 7 8
1145,1 2 3 5 6 7 8
1149,2 3 5 6 8
1150,0 8
115,3 5 6 8
1156,3 5 6 8
1157,1 2 4 5 6 7
1158,1 2 5 6 7
1160,0 1 2 5 6 8
1162,1 5 8
1165,1 2 3 4 5 6 7
1166,0 2 5 6 7
1167,0 1 2 3 5 6 8
1168,5 6 8
1169,1 2 4 5 6 7
1171,2 3 5 6
1172,2 3 4 5 6 7
1175,1 2 5 6 7
1176,0 8
1177,0 1 5 8
1179,0 1 3 8
1180,1 2 3 4 5 6
1181,6 8
118,0 3 8
1184,1 2 3 4 5 6 7
1185,1 2 3 5 6 8
1188,0 8
1189,1 2 3 5 6 7 8
1190,0 2 3 5 6
119,1 2 4 5 6 7
1193,1 2 5 6
1194,1 2 3 4 5 6 7
1198,2 3 5 6 8
1200,0 3 8
1201,1 2 4 5 6 7
120,1 2 5 6 8
1202,1 2 4 5 6 7 8
1203,1 2 3 4 5 6 7 8
1208,2 3 5 6 8
1209,1 8
1211,1 2 3 4 5 6 7
1212,5 8
12,1 2 4 5 6
1214,6 8
1215,0 2 5 6
1216,0 6 8
1219,0 3 8
1223,0 3 8
1224,1 2 6 8
1225,6 8
1227,1 2 3 4 5 6 7
1228,1 2 3 4 5 6 7
1229,0
1230,1 2 3 4 5 6 7 8
1231,1 2 3 5 6 7
1232,2 3 4 5 6 7
1233,6 8
1234,0 2 3 5 6
1235,0 8
123,8
1236,0 3 8
1238,1 5 6 8
1239,0 1 3 4 5 6
1240,3 6 8
1241,1 2 4 5 6 7
1243,0 2 3 5 6
1244,1 2 5 6 8
1245,1 2 4 5 6 7
1246,2 5 6
1248,0 1 8
1249,3 8
1250,0 1 2 4 5 6 7 8
1251,1 2 4 5 6 8
1252,0 2 3 8
1253,1 2 3 4 5 6 7
125,3 6 8
1256,1 5 6 7
1257,8
1258,0 1 2 5 6 8
1259,0 1 2 3 5 6 8
1260,1 2 3 5 6 7 8
1261,1 2 4 5 6 7
1262,3 5 8
1264,0 5 8
1265,0 1 2 3 6 8
1268,1 2 3 4 5 6 7
1269,0 3 6 8
1270,5 6
1271,8
1272,2 3 5 6 8
1273,1 2 4 5 6 7
1274,0 2 5 6 8
1277,0 5 8
1278,1 2 3 4 5 6
1279,1 2 3 5 6 8
1281,1 2 5 6 7
1282,0 2 3 4 5 6 7 8
1283,0 5 6 8
1284,1 2 4 5 6 7
1289,0 8
1290,0 3 8
1291,1 2 4 5 6
1292,1 2 5 6
129,5 6 8
1296,0 5 6 8
1297,3 5 8
1298,1 2 4 5 6 8
1299,1 2 3 4 5 6 7
1303,8
1305,5 6 8
1310,1 2 4 5 6 7
131,0 3 5 6
1312,1 2 3 4 5 6 7
1313,3 6 8
1316,0 3 5
1317,0 1 2 8
1318,0 3 5 6
13,3 6 8
1320,0 5 6
132,1 2 3 4 5 6 7
1323,0 2 3 5
1324,1 2 3 4 5 6 7
1327,0 3 8
1328,1 2 4 5 6 8
1329,0 1 2 4 5 6 8
1331,1 2 4 5 6
1332,1 2 5 6 8
1336,0 8
1338,1 2 6 8
1339,1 2 3 5 6 7
1342,0 1 8
1344,3 8
1346,1 2 3 4 5 6
1347,0 1 5 6 8
1348,1 2 3 5 6 8
1349,1 5 6
1350,0 2 3 6 8
135,5 6 8
1353,1 2 3 4 5 6
1355,0 2 5 6 8
1356,1 2 3 4 5 6
1359,1 6 8
1360,0 1 5 6 8
1361,1 2 5 6
1362,1 2 3 5 6
1363,1 2 3 6
1365,3 8
1370,1 2 3 5 6 7
1375,0 3 8
1376,1 2 3 5 6 8
1378,0 5 8
1379,0 2 3 5 6 8
1382,1 2 4 5 6
1386,0 3 8
1387,0 8
1388,6 8
1389,0 8
1391,6 8
1392,1 2 3 5 6 7
1393,5 6 8
1394,1 2 3 5 6 7
1399,2 3 5 6 7
140,0 2 5 6 7 8
1402,0 1 2 5 6 8
1407,1 2 5 6
1409,1 2 3 4 6 7
1412,1 2 5 6 8
1413,1 2 4 5 6 7
1414,3 6 8
14,0 3 8
1415,0 5 6 8
1416,8
1418,1 2 3 4 5 6 7
1419,1 2 5 6 8
1420,0 2 3 5 6 8
1422,1 5 6 8
142,1 2 3 4 5 6
1424,1 2 3 4 5 6 7
1426,0 8
1429,2 3 5 6
1430,0 8
1431,1 2 3 4 5 6 7
143,0 3 5
1435,1 2 3 4 5 6 7
1437,0 1 2 3 5 6 8
1439,1 2 3 5 6 7
1441,6 8
1442,3 7 8
1443,0 2 5 6
1444,1 2 3 4 5 6
1445,1 2 4 5 6 7
1446,0 1 2 3 4 5 6 8
1447,8
1449,6 8
1450,1 2 4 5 6 7
1451,1 2 3 5 6 7
1453,0 3 5 6 8
145,1 4 5 6
1456,6 8
1457,1 2 4 5 6
1458,6 8
1460,1 2 4 5 6 7
1462,0 3 8
1463,1 2 4 5 6
1464,3 5
1465,0 1 8
1467,1 2 4 5 6 7
1468,1 2 3 4 5 6
1469,1 2 4 5 6
1470,0 6 8
147,0 3 5 6 8
1473,1 2 4 5 6 7
1475,2 3 4 5 6 7
1478,6 8
1479,0 3 8
148,0 2 3 5 6 8
1485,3 5 6
1489,1 2 3 4 5 6
1490,2 3 4 5 6
1494,0 6 8
1495,0 2 5 6 8
1497,8
1502,0 3 8
150,2 4 5 6 7
1503,0 3 8
1504,1 2 3 4 5 6
1505,8
1507,0 1 8
1512,3 8
1513,2 3 5 6 8
1515,0 6 8
1516,2 3 5 6 8
1517,3 6 8
1519,1 2 4 5 6 7
1521,0 8
1525,3 5 6 7
1527,0 2 3 4 5 6 8
1528,0 2 6 8
1530,0 3 5 8
1533,5 6 8
153,0 8
1535,0 2 5 6 8
1536,1 2 3 5 6 8
1537,0 2 3 6 8
1539,8
154,1 2 3 4 5 6
1544,0 3 5 8
1545,1 2 3 4 5 6
1546,5 6 8
1552,1 2 3 4 5 6 8
1554,0 1 3 4 5 6
1556,0 2 3 4 5 6 7
1558,8
1560,3 8
1563,1 2 4 5 6 7
1564,1 2 3 4 5 6 7 8
1565,1 2 4 5 6 7
1566,0 3 8
1567,1 2 3 4 5 6 7
1568,3 4 6 8
1570,0 2 3 5 6
1572,1 2 4 5 6
1574,0 5 8
157,3 8
1577,1 2 3 4 5 6 7
1579,1 2 3 4 5 6 7
1582,2 3 5 6 8
1583,0 1 2 5 6 7
158,0 1 6 8
1584,1 2 3 5 6
1586,1 2 3 4 5 6
1587,0 8
1588,6 8
1589,0 3 5 6 8
1590,0 8
1591,0 5 8
1592,1 2 4 6 7
1593,1 2 4 5 6 7
1594,2 4 5 6 7
1601,1 2 3 5 6 8
1602,1 2 5 6 8
1605,1 8
1606,1 2 3 5 6 8
1607,3 5 6 8
1609,3 8
1611,1 2 3 4 5 6 7
1613,1 8
161,1 2 5 6 8
1615,0 1 3 5 7 8
1617,0 3 8
1618,0 3 8
1620,0 1 2 3 8
162,1 2 3 4 5 6
1624,1 2 3 4 5 6 8
1626,0 3 5 8
1627,
1630,1 2 3 4 5 6 7
1631,1 2 5 6
163,0 8
1633,0 3 8
1634,1 2 4 5 6 7
1637,0 8
1638,8
1639,0 8
1640,0 3 8
1641,0 1 2 6 8
164,6 8
1642,0 5 8
16,1 2 4 5 6 7
1644,0 3 5 6 8
1645,1 2 3 5 6 7
1646,1 2 4 5 6 7
1647,1 2 3 5 6
165,1 2 3 5 6 8
1651,3 8
1653,0 1 6 8
1654,1 2 5 6
1656,3 8
1658,0 1 3 8
1661,1 2 4 5 6 7
1664,0 1 8
1667,1 2 4 5 6 7
1668,1 5 6
1670,3 8
1672,0 5 8
1674,1 2 3 4 5 6
1677,6 8
1680,1 2 3 4 5 6 7
1688,1 3 6 8
1691,1 2 3 5 6 8
169,1 2 6 7
1696,1 2 4 5 6 7
1697,0 2 5 6 8
1698,1 2 3 4 5 6 7
1699,0 8
1705,2 5 6
1706,2 3 5 6 7
1709,1 2 5 6 7 8
1710,0 1 8
171,0 8
1712,5 6 8
1717,1 2 4 5 6 7
1719,6 8
1724,1 2 3 4 5 6 7
1725,1 2 3 4 5 6 7
172,6 8
1730,0 8
1733,0
1734,1 2 4 5 6 7
1735,3 8
1737,1 2 4 6 7
1738,1 2 3 4 5 6 7
1740,0 1 2 5 6 8
1743,0 1 8
1748,1 2 4 5 6 7
1749,1 2 5 6 8
1750,0 8
1751,1 2 4 5 6 7
1753,0 3 8
175,3 5 6 8
1754,0 3 8
1758,1 2 4 5 6 7
1759,2 5 6 7 8
1760,1 3 5 6 8
1762,1 2 4 5 6
1763,1 2 3 4 5 6 7
1765,1 2 5 6
1767,0 3 8
1768,0 3 8
177,3 8
1772,1 2 4 5 6 7
1773,1 2 3 4 5 6 7
1776,0 1 2 5 6 8
1777,0 8
1779,0 3
1780,1 3 6 8
1783,1 2 3 5 6 7
1786,0 3 5 8
1788,0 5 8
1791,1 2 4 5 6 7
1793,1 2 4 5 6 7
1794,0 8
1795,1 2 4 5 6
179,0 8
1796,1 5 6 8
1799,0 2 6 8
1800,1 2 3 4 5 6
180,1 2 3 5 6 7 8
1801,1 2 5 6 8
1806,6 8
1810,1 2 3 4 5 6 7
1811,1 2 3 4 5 6 8
1812,3 5 6
1814,1 2 4 5 6 7 8
1820,6 8
18,1 2 3 4 5 6 7
1822,6 8
1823,1 2 3 4 5 6 7
1824,1 2 3 6 7
1830,1 2 3 4 5 6 8
1831,0 3 8
183,1 2 3 4 5 6
1835,1 2 4 5 6 7
1836,5 6 8
1837,1 5 6
1839,2 5 6
1840,1 2 3 5 6 7
184,1 5 6 7
1842,1 2 4 5 6 8
1843,1 2 3 4 5 6
1845,0 1 2 5 6 8
1850,0 8
1851,0 1 2 5 6 8
1853,0 8
1854,3 5 6
1856,1 2 3 4 5 6 7 8
1862,0 1 2 5 6 7 8
186,1 2 3 4 5 6 7
1864,1 8
1865,1 2 6
1866,6 8
1869,1 2 5 6 8
187,0 8
1873,6 8
1875,1 2 5 6 7 8
1877,0 1 3 5 6 8
1880,0 1 2 3 5 6 7 8
1882,0 8
1883,8
188,3 5 6 8
1885,1 2 3 5 6 7
1889,0 2 3 4 5 6 7 8
1890,1 2 4 5 6
189,1 2 4 5 6 7
1894,6 8
1897,1 2 3 5 6 7 8
1898,0 8
1902,8
1903,0 1 8
1904,8
190,8
1905,1 2 3 4 5 6 7
1907,8
1908,0 2 5 6 8
1909,3 8
1910,1 3 5 6
1912,1 2 4 5 6 7
1913,5 6
1915,2 3 5 6 7 8
1919,0 3 5 6 8
1922,1 2 4 5 6 7
192,1 2 3 5 6 7 8
1924,2 3 8
1925,2 4 5 6
1929,0 3 5 8
1930,0 1 2 3 5 6 7
1931,2 6
1932,6 8
1937,1 2 3 4 5 6 7
1938,0 8
1940,1 2 6 8
1941,0 1 3 5 8
1944,3 8
1946,1 2 4 5 6 7
1947,0 3 5 8
1948,0 3 8
19,1 2 3 5 6 8
1952,1 2 3 5 6 7
1954,0 1 2 3 4 5 6 7 8
1955,0 3 8
195,0 8
1958,1 2 3 5 6 8
1959,1 2 5 6 8
1962,3 5 6 8
1966,1 2 4 5 6
1968,1 2 3 4 5 6 7
1969,1 2 4 5 6 7
1970,0 8
1973,0 1 2 3 4 5 6
1974,1 2 4 5 6 7
1975,0 3 8
1978,1 2 3 4 5 6 7
1979,3 8
1980,1 2 3 5 6
1985,0 3 5 8
198,3 8
1990,0 1 3
1991,0 3 5 6 8
199,0 1 2 3 5 6 7
1993,3 8
1994,1 2 3 4 5 6 7
1996,1 2 3 5 6 7 8
1997,0 3 4 5
2000,3 8
2006,1 2 3 4 5 6 7
2007,1 2 3 5 6 7
2009,1 2 3 5 6 7
2011,1 2 3 4 5 6 7
2014,1 2 4 5 6
2015,8
2017,0 3 5 8
2018,0 2 6 8
2020,0 3 8
2021,2 5 6 8
202,1 2 4 5 6 7
2023,5 8
2024,1 2 5 6 7 8
2025,3 8
2031,3 5 6
2032,2 6 8
2033,1 2 3 4 5 6 8
2035,1 2 3 4 5 6
2036,6 8
2037,5 6 8
2038,1 2 3 4 5 6 7 8
2043,1 2 5 6 7
204,0 3 8
2046,6 8
2047,1 2 6 7 8
2048,3 8
2049,3 5 8
2050,0 3 5 8
2052,3 8
2056,3 6 8
2058,0 3 8
2060,6 8
2061,6 8
206,3 5 8
2062,0 3 5 6 8
2063,0 3 5 8
2065,1 2 4 5 6 7
2066,0 8
2069,1 2 3 4 5 6
2070,1 2 4 5 6 7 8
2071,1 2 5 6 8
2072,0 2 3 5 6 7 8
2078,1 2 4 5 6 7
2086,1 2 4 5 6
2088,3 6 8
2090,1 2 3 4 5 6 7
2092,1 2 4 5 6 7
2094,0 2 6 8
2095,1 2 3 4 5 6
2101,2 5 8
2104,1 5
2106,0 1 8
2107,1 2 4 5 6
2108,6 8
2109,0 8
2111,0 2 3 5 6
2116,0 3 8
2117,1 2 3 5 6 7
2118,6 8
2119,0 3 8
2120,3 8
2121,2 4 5 6
2122,1 2 3 4 5 6
2124,1 5 6
2125,0 1 5 6 8
2126,1 2 4 5 6
2127,8
2130,3 7 8
213,0 1 3 8
2133,1 2 5 6 8
2134,0 3 5
2136,1 2 3 4 5 6 7 8
2137,0 8
2139,0 8
2140,1 2 4 5 6 7
2141,5 6 8
2142,0 1 8
2146,1 2 5 6 7
2147,5 6
2155,5 6 8
2157,1 2 3 5 6 8
2159,3 6 8
2161,1 2 3 5 6 7
216,0 3 5 8
2162,1 2 3 5 6 8
2164,1 2 3 5 6 7
2166,1 2 5 6
2170,1 2 4 5 6
2171,0 3 5 8
2173,1 6 8
2176,0 3 5 8
21,1 2 3 5 6 8
2181,0 2 3 5 6 8
2184,0 6 8
2185,1 2 4 5 6 7
2186,1 2 4 6 7
2188,0 1 2 3 5 6 8
2191,3 6 8
2192,6 8
2193,6 8
2197,1 2 3 5 6 8
2200,1 2 4 5 6 7
220,2 6 8
2210,0 3 8
221,1 2 4 5 6 7
2213,0 3 8
2215,6 8
2218,1 2 5 6 8
2222,6 8
2223,1 2 3 4 5 6 7
222,1 2 6 8
2225,0 3 8
2227,0 6 8
2228,2 5 6 8
2230,1 5 6 7
2234,3 8
2235,5 8
2236,3 5 6 8
2237,0 1 3 5 8
2240,1 2 4 5 6 7 8
2241,1 2 3 5 6 7
2243,1 2 5 6
2246,3 8
2247,1 2 3 5 6
2249,1 2 4 5 6 7
2250,1 2 4 5 6 7
225,1 5 6 7 8
2252,3 5 8
2253,1 2 5 6 7
2254,0 3 5 8
2255,0 3 8
2256,0 2 6 8
2259,0 2 4 5 6 7 8
2260,1 2 3 4 5 6 7
226,2 4 5 6 7
2263,1 2 3 8
2265,0 3 5 6
2266,1 2 5 6 8
2267,1 2 3 4 5 6 7 8
227,3
2280,0 2 4 5 6 7 8
228,3 8
2285,5 8
2287,8
2288,2 3 4 5 6
2290,0 2 3 5 6 8
2291,0 3 8
2292,1 5
2294,2 3 5 6 8
229,1 2 3 5 6 7
2296,1 2 5 6 7
2298,1 2 3 4 5 6 7
2299,0 3 8
2300,8
2301,1 2 5 6 7 8
2302,1 2 3 4 5 6 7
230,0 3 5 8
2303,0 3 8
2305,6 8
2306,0 6 8
2308,1 2 4 5 6
231,0 3 8
2312,3 5 6 7
2315,1 2 3 4 5 6 7
2317,1 2 4 5 6 7 8
2319,1 2 4 5 6 7
2320,1 2 5 6 7 8
2321,1 2 3 4 5 6
2323,0 2 5 8
2324,0 8
2325,1 2 3 5 6
2329,3 5 6 8
233,6 8
2332,1 2 4 5 6 7
2334,6 8
2335,1 2 3 4 5 6 7
2336,2 3 6 8
2337,1 2 4 5 6 7
2339,1 2 4 5 6
234,1 2 3 4 5 6 7 8
2342,1 2 5 6 7 8
2344,0 5 6
2346,1 2 6 8
2347,0 1 8
23,0 1 2 6 8
2352,1 2 4 5 6 7
2355,1 2 4 5 6 7 8
2356,0 8
2357,0 3 8
2358,3 8
2360,1 2 4 5 6 7
2362,0 1 8
2364,8
2367,1 2 4 5 6 7
2368,1 2 3 5 6 8
2369,0 3 5 8
2372,0 3 8
2379,1 2 3 4 5 6
2380,1 2 5 6 7
2381,6 8
238,0 3 5 8
2386,0 8
2390,0 1 3 8
2391,1 2 3 8
239,0 3 8
2398,1 2 4 5 6 7
2400,1 2 4 5 6 7
240,2 3 4 5 6 7
2401,1 2 3 4 5 6
2402,0 1 3 8
2404,6 8
2405,1 2 4 5 6 7
2408,0 1 2 5 8
2409,0 2 3 4 5 6 7
2411,2 3 5 6
2413,3 8
2414,0 1 2 3 4 5 6 7
241,1 2 3 4 5 6 7 8
2416,1 2 5 6 8
2417,1 2 3 4 5 6 7
242,0 2 5 6 8
2422,1 2 4 5 6
2423,1 2 3 5 6
2424,0 1 2 5 6 8
2425,3 8
2426,1 2 3 4 5 6
2427,0 8
2434,3 8
2437,3 8
2438,2 3 5 6 8
2439,1 2 3 4 5 6
244,1 3 5 6
2443,0 3 5 8
2444,2 5 6 8
2445,3 8
2450,0 1 4 5 6 8
2451,2 4 5 6 7 8
245,1 2 3 4 5 6 7 8
24,3 8
2454,2 3 5 6 7
2456,1 2 4 5 6 7
2457,1 2 3 5 6 7 8
2460,1 2 4 5 6 7
2461,3 5 6 7 8
2463,0 3 8
2464,1 2 3 4 5 6 7
2465,3 8
2468,8
2469,0 1 3 5 6
2470,0 8
247,0 3 5
2473,3
2474,0 3 8
2477,1 2 3 4 5 6 7
2480,1 2 3 4 5 6 7
2483,1 2 5 6 7
2484,0 3 8
2487,1 2 5 6
248,1 2 4 5 6 7
2489,1 2 5 6 8
2491,8
2492,1 5 6
2493,1 2 3 5 6 7
2494,1 2 4 5 6 7
2495,0 8
2496,3 4 6
2498,0 1 6 8
2500,1 2 4 5 6 8
2505,0 1 6 8
2506,2 3 5 6 7 8
251,0 8
2515,0 3 8
2517,0 3 5 8
2519,1 2 3 4 5 6 7
2525,0 3 5 6 8
2527,3 8
2529,1 3 5 6
2530,0 3 8
2533,1 2 5 6 7 8
2535,3 8
2536,3 6 8
2538,1 4 5 6
2540,0 3 8
2543,0 1 2 3 5 6 7 8
2544,1 8
2546,1 2 4 5 6 7
2548,1 2 5 6 7
2549,1 2 3 5 6 7
2551,0 1 3 5 8
2554,1 2 4 5 6 7 8
2557,0 8
2558,1 2 3 4 5 6 7
2560,0 2 3 5 6 8
2561,1 5 6 8
2562,2 5 6
2563,2 3 5 6
2566,3 5 6 8
2568,1 2 5 6
2570,1 2 3 4 5 6 7
2575,3 8
2576,0 3 8
2577,0 1 5 6 8
2581,1 2 4 5 6 7
2583,0 3 8
2586,2 3 4 5 6 7 8
2587,3 6 8
2588,1 6
2591,1 2 4 5 6 7
2592,0 3 8
2594,0 3 8
2598,1 2 3 5 6
2601,1 2 4 5 6 7
2602,1 2 3 4 5 6 7
2604,1 2 3 5 6
2605,0 1 2 3 4 5 6 7
2606,1 2 3 5 6 7
2607,1 2 4 5 6 7
2609,1 2 5 6 8
2610,5 6 8
2611,1 2 4 5 6 7
26,1 2 4 5 6 7
2612,0 3 8
2614,0 3 8
2618,1 2 3 4 5 6 7
2619,1 8
2620,2 3 6 8
2621,3 5 6
262,1 2 5 6
2624,0 3 8
2626,1 2 4 5 6 7
2627,1 2 3 4 6 7
2628,3 8
263,0 2 3 8
2635,2 3 5 6
2636,1 2 3 5 6 8
2637,1 2 3 5 6
2640,1 2 3 4 5 6 7
2643,1 5 6
2646,1 5 6
2647,3 5 6 8
2650,1 2 3 4 5 6 7
2651,1 2 4 5 6 7
2653,0 1 3 8
2659,0 8
2661,
2662,1 2 4 5 6 7 8
2664,5 8
2665,1 3 5 8
266,2 6 8
2666,3 8
2671,1 2 5 6
2673,0 1 3 5 8
2674,3 8
2675,1 2 3 4 5 6 7 8
2677,0 3 8
2678,1 2 3 4 5 6 7
2680,0 3 5 8
2681,3 8
2683,1 2 4 5 6 7
2685,0 1 3 8
2686,5 6 8
2687,1 2 5 6 7
2688,1 2 3 5 6 7
2689,1 2 3 4 5 6 7
2690,1 2 3 4 5 6 7
2691,0 1 2 6 8
2693,2 3 4 5 6 7
2696,1 2 3 5 6 7
2697,1 3 4 5 6 7 8
2699,8
270,0 1 6 8
2707,6 8
2710,0 1 8
271,1 2 3 4 5 6 7
2714,8
2716,1 2 3 5 6 7 8
2717,0 8
2719,0 8
272,1 2 4 5 6 7
2722,3 8
2726,1 2 3 5 6 8
2727,1 2 4 5 6 7
2730,1 2 3 4 5 6
2731,1 8
2736,1 2 5 6 7 8
2738,2 5 6
2742,3 5 6
2745,0 2 3 5 6 8
2748,0 8
2750,0 3 8
2751,8
275,1 2 4 5 6 7 8
2753,1 2 4 5 6 7
2755,5 6 8
2756,1 2 3 4 5 6 7
2757,0 8
2759,0 3 8
2760,1 2 3 5 6
2761,0 3 6
2762,0 8
276,0 5 6 8
2769,1 2 3 4 5 6 7
2771,1 2 3 4 5 6 7 8
2773,1 2 3 4 5 6
2774,1 3 4 5 6 8
2776,1 2 4 5 6
2777,1 2 3 5 6
2779,1 2 3 4 5 6 7
2784,0 8
278,5 6 7
2786,0 8
2787,3 5 8
2795,1 2 3 4 5 6 7
2796,0 3 8
2797,1 2 5 6 7 8
2798,1 3 5 6
2801,1 2 4 5 6 7
2802,1 2 3 5 6 7 8
280,1 2 5 6 8
2803,8
2804,1 2 3 5 6
2805,1 2 3 5 6 7
2806,1 3 5 6
2808,0 2 5 6 8
2810,6 8
281,0 2 3 5 6 8
2812,1 2 4 5 6 7
2813,3
28,5 6
2814,1 2 4 5 6 7
2817,1 2 4 5 6 7
2820,0 8
2826,0
2828,2 3 5 6 7
2829,0 2 3 8
2830,3 8
2833,3 8
2837,0 1 2 5 6 8
2839,0 6 8
2841,0 3 8
284,0 8
2845,1 2 4 5 6 8
2846,8
2847,3 5 6 8
2850,8
2851,6 8
2852,1 2 5 6 8
2854,0 1 3 5 6 8
285,0 1 2 3 4 5 6 7 8
2858,0 1 5 6 8
2861,1 8
286,1 8
2864,0 1 2 6 8
2869,6 8
2872,0 8
2878,1 2 4 5 6 7
2880,1 2 3 4 5 6
2881,1 2 3 4 5 6 7
2882,0 3 8
2885,0 1 2 5 6 8
288,2 5 6 8
2886,0 3 8
2888,0 8
2889,3 8
2890,0 5 8
2891,1 3 5 6
289,0 2 3 4 5 6 8
2892,6 8
2894,0 1 2 3 5 6 8
2895,2 3 4 5 6
2896,3 6 8
2897,1 2 3 4 5 6 7
2901,0 3 5 8
2906,2 3 5 6 8
2907,0 1 2 3 5 6 8
2908,1 2 4 5 6
290,1 2 3 5 6 7
2909,0 6 8
2910,0 2 3 5 6
2911,0 1 8
291,0 8
2912,6 8
2915,0 8
29,1 2 3 5 6 7
2919,0 3 5 8
2920,1 2 5 6
2923,1 2 3 4 5 6
292,3 8
2924,1 2 5 6 8
2927,0 3 8
2929,0 3 5 6
293,1 2 3 4 5 6 7
2933,1 2 3 5 6
2934,1 2 5 6 7
2935,3 8
2936,1 2 4 5 6 7
2938,1 2 4 5 6 7
2939,3 8
2940,0 5 6 8
2941,
2942,3 8
2943,1 2 3 5 6 8
2947,3 5 8
2948,6 8
2952,2 3 5 6 8
2953,1 2 4 5 6
2955,0 8
2957,1 2 3 4 5 6 7
2959,1 2 3 4 5 6 7
2961,3 6 8
2963,1 2 4 5 6 7
2964,5 6 8
2970,0 8
2971,1 2 5 6 7
2974,0 3 6 8
297,8
2979,0 1 5 6
298,2 3 8
2985,1 2 4 5 6 7
2986,3 8
2988,5 8
2994,0 3 8
299,0 1 2 5 6 7 8
2995,1 2 3 6 8
2996,8
2997,2 5 6 8
2998,1 2 3 4 5 6 7 8
2999,1 2 5 6 8
3003,0 8
3004,0 5 8
3007,1 2 3 5 6 8
3008,1 2 3 4 5 6 7
3010,2 5 6 8
3011,0 1 2 6
301,0 3 5 6 8
3013,0 1 2 3 5 6 8
3018,1 2 4 5 6 7 8
3019,3 6
3020,0 3 8
3021,0 1 3 8
3024,6 8
3032,2 3 5 6 8
3034,3 8
3037,1 2 3 4 5 6 7
3038,0 3 8
3039,1 2 4 5 6
3040,0 3 5 8
3044,0 2 6 8
304,1 2 3 4 5 6
3046,0 2 8
3048,1 2 3 5 6
3049,1 2 3 4 5 6 7
305,1 3 5 8
3052,1 2 3 4 5 6 7
3055,0 2 4 5 6 7
3061,1 2 5 6 7 8
306,0 3 5 8
3062,1 2 3 4 5 6 7 8
3063,1 2 3 4 5 6 7
3065,1 2 4 5 6 7
3067,1 5 6 8
3068,1 2 3 4 5 6 7
3071,0 8
3072,8
3074,5 6 8
3076,0 3 8
3077,0 2 6 8
3079,0 1 8
3080,0
3083,0 8
308,0 5 8
3085,2 3 4 5 6
3091,1 2 4 5 6 7
3092,1 2 4 5 6 7
3093,6 8
3094,0 1 2 5 6 7 8
309,2 4 5 6 7 8
3097,0 8
3098,1 2 3 5 6 7 8
3101,0 3 8
310,0 3 8
3105,0 3 5 8
3106,0 8
3108,3 8
3109,1 2 5 6
3110,0 1 2 5 6 8
311,0 5 8
3112,3 6 8
3113,6 8
3114,0 8
3115,0 1 2 3 5 6 7 8
3120,0 3 8
3123,1 6 8
312,5 6 8
3128,2 3 4 5 6 8
3133,1 2 4 6 8
3137,3 8
3138,3 8
3140,1 2 5 6 8
314,0 2 3 6 8
3144,1 2 5 6 7
3147,1 2 3 5 6 7
3148,6 8
3149,0 2 5 6 7 8
3150,1 2 3 4 5 6
315,0 3 8
3152,2 6 8
3157,0 3 8
3158,3 8
3159,0 2 5 6
3160,0 1 2 6 8
3163,0 2 3 5 6 8
3167,0 1 2 6 8
3168,0 8
3169,0 8
3170,1 2 4 5 6
3173,0 3 5 8
3175,3 5 6 8
317,0 1 2 5 8
3176,3 5 8
3177,3 5 6 8
3179,1 2 4 5 6 7
3180,0 8
3187,8
3189,1 2 5 6 7 8
3191,1 2 4 5 6
319,3 6 8
3196,1 2 3 4 5 6 7
3198,0 6 8
3201,0 3 8
3202,0 2 5 6 8
3203,1 2 3 4 5 6
320,6 8
3204,0 8
3205,0 1 2 5 6 7 8
3206,1 2 3 4 5 6 7
3207,3 8
3208,1 2 3 4 5 6 8
3211,0 2 3 5 6 8
3212,1 2 5 6 7 8
3214,6 8
3216,1 5 6 7
3217,1 2 4 5 6 7
3218,2 3 4 5 6 7 8
3222,5 6 8
3226,1 2 4 5 6 7 8
322,1 2 3 5 6 7
3229,0 8
3230,1 2 3 4 5 6
3232,1 2 4 5 6 7
3235,1 2 4 5 6 8
3237,0 3 8
3240,1 2 3 4 5 6
3241,3 8
3242,0 2 6 8
32,3 5
3248,1 2 3 4 5 6 7
3249,1 2 3 4 5 6 7
3250,1 4 5 6 7 8
3253,1 2 3 5 6 7
3255,3 8
3257,0 3 8
3258,1 2 3 5 6 7
3261,1 2 3 5 6 7 8
3262,3 5 6 8
3263,8
3264,3 6 8
3268,1 2 4 5 6
3271,2 3 5 6 8
3274,0 8
3275,0 3 8
327,0 3 8
3277,1 2 3 4 5 6
328,0 3 8
3285,0 6 8
3287,2 5 6
3291,6 8
3292,6 8
3294,0 1 2 5 8
3295,3 5 6 8
3296,1 2 4 5 6 7
3297,1 2 5 6 7 8
3301,0 8
3303,1 5 6 8
3305,3 6
3307,1 2 5 6 8
3308,8
3311,1 2 3 5 6 7
3312,6 8
3313,1 2 4 5 6 7 8
3318,1 2 3 5 6
3319,1 2 3 5 6 7
3320,1 2 5 6 8
3321,1 2 3 5 6
3325,0 8
3326,1 2 3 5 6 7
3327,1 3 4 5 6
3328,1 2 3 4 5 6 7
3329,0 2 3 6
3330,1 2 3 4 5 6
333,0
3337,0 8
3339,1 2 3 4 5 6 7
3341,2 3 5 6
3342,3 8
3343,0 1 8
3347,6 8
3348,1 2 4 5 6 7
3350,0 1 2 5 6 8
3352,0 3 8
3353,1 2 4 5 6
3354,2 3 6 8
335,0 8
336,1 3 5 6
3363,3 5 8
3364,0 8
3371,1 5 6
337,1 2 4 5 6 7
3374,1 2 3 4 5 6
3375,1 2 4 5 6 7
3376,1 2 4 5 6 7
3377,3 5 6
3380,1 2 4 5 6 7 8
3382,1 2 3 5 6
338,2 3 5 6 8
3385,2 4 5 6
3386,1 2 4 5 6 7
3391,1 2 3 4 5 6 7
339,0 1 2 5 6 8
3394,0 3 5 8
3395,3
3397,3 8
3401,0 8
340,0 5 8
3403,0 1 2 5 6 8
3404,0 3 5 8
3405,3 6 8
3407,1 2 4 5 6 7
3409,1 2 3 4 5 6
3410,1 2 3 4 5 6
3412,0 1 2 5 6 8
3414,0 2 3 8
3416,0 5 6 8
3417,6 8
3418,1 2 3 4 5 6 7
3419,1 2 5 6 7 8
342,0 1 2 5 6 8
3421,3 8
3422,6
3423,0 1 3 5 6 8
3424,2 3 4 5 6 7 8
3425,1 2 5 6
3426,1 2 4 5 6 7
3427,5 6 8
3430,0 8
3431,1 2 4 5 6 7
3435,2 3 4 5 6 8
3437,1 2 4 5 6 7
3441,6 8
3442,1 2 3 5 6
3444,0 8
344,1 2 3 4 5 6 7
3446,0 3 8
3449,1 2 4 5 6 7
3451,1 2 5 6 7
345,8
3452,1 2 5 6
3454,3 5
3457,2 5 6 8
3460,6 8
346,1 2 4 5 6 7 8
3462,1 2 5 6 7
3463,0 3 8
3464,0 3 5 8
3465,1 2 3 4 5 6
3466,1 2 3 4 5 6 7 8
3467,1 2 3 4 5 6 7
3469,1 2 4 5 6 8
3470,0 8
3473,1 2 3 4 5 6
3474,0 2 3 6 8
3476,3 8
347,0 1 2 5 6 8
3478,1 2 3 4 5 6 7
3479,6 8
348,8
3485,0 1 2 3 5 6 8
3487,1 2 5 6 8
3488,1 2 3 5 6 7
3496,1 2 4 5 6 7
3497,1 2 3 4 5 6
3501,0 8
3504,0 2 3 5 6 8
3506,2 5 6
3507,1 2 3 5 6
3509,0 5 6
3511,0 3 8
3519,1 2 4 5 6 7
3521,3 8
352,3 6 8
3522,8
3523,6 8
3525,1 2 3 4 5 6
3528,0 8
3529,0 3 8
3533,3 5 8
35,1 2 5 6 8
3537,0 3 8
3538,0 3 8
3540,5 6 8
3543,1 2 3 5 6 8
354,0 8
3546,1 2 4 5 6 7 8
3547,0 3 6 8
3549,1 2 5 6 7
3550,1 2 3 4 5 6 7 8
355,1 2 4 5 6 7
3552,1 2 4 5 6 7 8
3555,1 2 5 6 8
3558,1 2 3 5 6 7
3559,3 8
3561,1 2 5 6 7 8
3562,1 2 3 4 5 6 7
3563,0 1 8
3565,1 2 5 6
3567,0 3 5 8
3570,0 1 2 3 4 5 6 7
3571,8
3574,1 2 3 5 6 8
3577,0 6 8
3578,1 3 5 6
3580,2 5 7
3582,0 2 5 6 8
3588,0 3 6 8
3589,0 3 6 8
3590,0 8
359,0 3 8
3592,2 3 5 6 8
3593,1 3 5 8
3594,1 2 4 5 6 7
3595,1 2 3 4 5 6 7
3596,0 5 8
3598,1 5 6 7
3599,1 2 5 6 8
3600,1 2 3 5 6 7
3602,1 2 4 5 6
3603,1 2 3 4 5 6 7
3604,1 2 4 5 6 7
3605,6 8
3606,0 1 2 3 6 8
3609,8
3611,0 5 8
361,6 8
3612,0 2 3 8
3613,0 1 2 3 4 5 6
3615,1 3 5 8
3616,6 8
3617,2 8
3618,5 6 8
3619,1 2 3 4 5 6
362,0 1 3 8
3625,0 8
3628,0 3 5 8
3632,0 3 8
3637,1 2 4 5 6 7
363,0 1 8
36,1 2 3 5 6 8
3638,0 8
364,1 2 4 5 6 7
3646,2 6 8
3650,8
3651,0 2 3 6 8
3656,1 2 3 4 5 6 7
3657,0 1 2 3 5 6 8
3661,1 2 3 4 5 6 7
3663,0 3 8
3664,0 8
3665,1 2 3 4 5 6 7
3666,0 1 2 5 6 7
3668,1 2 3 4 5 6
3670,1 2 4 5 6 7
3672,1 2 5 6 8
3673,2 5 6 8
3675,1 2 3 4 5 6 7
3677,2 3 4 5 6 7 8
3678,0 8
3682,1 2 3 5 6 7
3683,3 5 6 8
3685,0 1 3 8
3686,0 3 8
368,3 8
3689,0 3 8
3690,0 3 5 8
3692,5 6 8
3693,3 6 8
3696,1 2 3 4 5 6
3697,0 3 8
3699,1 2 3 4 5 6 7
3700,1 2 4 5 6
3701,3 8
370,0 1 8
3702,3 5 6 8
3703,3 8
3704,2 3 5 6
3705,0 8
3706,1 2 4 5 6
3707,1 2 3 4 5 6
371,1 2 3 4 5 6 7 8
3718,1 2 3 5 6
3719,1 2 4 5 6 7
3721,1 2 3 5 6 7
372,1 2 4 5 6 7
3726,6 8
3727,3 5 6 7 8
3728,0 3 8
3730,0 3 8
3731,0 3 8
373,0 1 5 6 8
3735,5 6 8
3737,1 2 4 5 6 7
3738,3 8
3739,0 8
3741,1 2 4 5 6
374,3 8
3743,1 2 4 5 6
3746,1 2 3 4 6
3747,0 1 5 8
3748,1 2 3 4 5 6 7
3750,1 2 3 5 6 7
3751,5 6 8
3752,0 8
3753,1 2 3 4 5 6 7
3754,1 2 5 6 8
3760,0 3 8
3761,0 3 5 6 8
3762,5 6 8
3764,0 3 8
376,0 3 8
3767,0 3 8
3768,1 2 3 4 5 6
3769,1 2 4 5 6
3772,0 2 5 8
377,0 1 8
3774,0 3 5 6 8
3775,1 2 4 5 6 7
3777,0 8
3779,8
3781,1 2 3 4 5 6 7
3782,3 8
3783,1 2 4 5 6 7
3784,1 2 3 4 5 6
3787,1 2 5 6 7 8
37,3 4 5 6 7
3789,1
3791,0 3 8
3,0 8
3793,0 3 5 8
3794,1 2 3 4 5 6 7
3796,1 2 3 4 5 6 7
3798,1 2 3 4 5 6 8
3799,0 2 3 5 6 7
3801,0 8
3809,1 8
3810,5 6
3813,1 2 3 4 5 6 7
38,5 6 8
3815,3 8
3816,1 2 3 4 5 6 7 8
3818,0 1 2 4 5 6 7 8
3820,1 2 3 5 6 7 8
3822,0 1 5 6 8
3823,0 6 8
3824,0 3 5 6 8
3826,0 8
3827,1 2 4 5 6
3828,1 2 3 5 6 7 8
3831,0 3 8
3833,0 6 8
3835,1 6 8
3836,1 5 6 8
3839,0 3 5 8
3842,0 2 3 5 6 8
3843,8
3844,1 2 3 5 6 7
3846,1 2 3 4 5 6 7
3847,1 2 5 6 8
3848,1 2 3 4 5 6 7
3849,1 2 4 5 6
3850,0 1 3 5 6 8
3854,1 2 4 5 6 7
3856,1 2 3 4 5 6 7
385,0 2 8
3858,1 2 4 5 6 7
3860,1 2 5 6 8
3863,0 1 2 3 5 6 8
3865,1 2 4 5 6 7
3866,1 2 4 5 6 7
3869,0 3 8
3870,6 8
3873,6 8
3874,6 8
3875,3 6 8
387,3 8
3876,0 3 8
3877,1 2 3 4 5 6 7
3881,0 1
3883,2 5 6 8
388,1 7
3886,0 3 5 8
3888,0 1 2 3 5 6 7 8
3891,3 8
3893,1 3 5 6
3894,0 3 8
3895,1 2 3 4 5 6 7
3896,0 8
3897,1 2 3 5 6
3901,3 5 6 8
3902,0 1 2 5 6 7
390,1 2 3 4 5 6 7
3905,2 3 5 6
3907,1 2 3 5 6 8
3908,0 5 6
3909,0 1 8
3910,0 8
3913,0 3 5 6
3914,0 1 5 6
391,2 3 5 6
3917,1 2 5 6
3919,0 2 5 6 8
3920,5 6
3921,1 2 3 5 6 8
3923,0 2 3 8
3924,3 8
3925,1 3 5 6 7
3926,1 2 3 4 5 6
3929,1 2 3 4 5 6
3932,0 5 8
3936,0 8
393,8
3937,1 2 4 5 6 7
3938,1 2 5 6 7 8
3941,1 2 4 5 6 7
3943,3 8
3945,1 2 5 6 7
394,1 2 5 6 8
3946,0 3 5 8
3947,1 2 3 4 5 6 7
39,2 3 5 6 7
3952,0 3 8
395,1 3 4 5 6
3954,0 8
3955,1 2 6 8
3956,0 1 2 6
3961,1 8
3965,0 1 2 5 6 7 8
396,2 3 5 6 8
3971,8
3973,1 2 4 5 6
397,0 6 7 8
3979,1 2 3 5 6 7
3980,0 1 8
3982,0 6 8
3983,0 1 6 8
398,0 2 3 6 8
3986,1 3 5 6
3987,0 3 8
3988,3 6 8
3989,8
3992,5 6 8
399,1 2 3 4 5 6 7
3994,0 1 8
3998,1 2 3 5 6 8
3999,1 2 4 5 6 7
4000,8
400,3 5 6 8
401,1 2 4 5 6 7
402,0 3 8
405,3 5 6
407,1 2 3 4 5 6
408,0 3 8
412,1 2 3 4 5 6 7
413,1 2 4 5 6 7
415,1 2 5 6 7
416,0 1 8
41,0 1 5
417,1 2 3 4 5 6 8
421,1 2 5 6
422,0 8
423,0 2 6 7 8
424,6 8
425,0 3 8
426,1 2 3 5 6 7
428,0 2 5 6 8
429,0 8
430,
433,1 2 3 5 6 7
436,2 3 5 6 8
437,1 2 3 5 6 7
438,8
439,3 8
440,3 8
444,1 2 4 5 6 7 8
445,1 2 5 6
4,1 2 4 5 6
452,0 1 3 5 6 8
455,8
456,0 1 2 3 5 6 7 8
459,1 2 4 5 6
462,0 3 8
464,3 5 6
465,0 3 8
466,0 1 8
469,6 8
470,1 2 3 4 5 6 7
472,1 2 3 4 5 6 7
473,1 2 3 4 5 6
476,0 1 3 5 8
479,1 2 3 4 5 6 7
480,3 6 8
481,1 2 4 5 6 7
48,1 2 6 7 8
484,1 2 3 4 5 6 7
485,1 2 3 4 5 6 7
487,1 2 3 4 5 6
488,1 2 5 6 7
490,2 4 5 6 7
491,3 8
493,2 3 4 5 6 7
494,0 2 5 6 8
495,1 2 3 5 6 7
496,1 4 5 6 7
497,1 2 3 5 6 7
500,1 2 4 5 6
501,0 4 5 8
502,0 3 8
50,1 2 3 4 5 6
504,1 2 5 6 8
507,3 5
509,3 8
510,1 2 3 4 5 6 7
511,1 2 5 6 7
51,3 8
515,2 3 5 6 8
518,6 8
525,1 2 4 5 6 7
526,1 2 4 5 6
527,0
532,1 2 4 5 6 7 8
533,0 1 3 5 6 8
534,1 2 3 4 5 6 7
538,3 6 8
540,0 8
541,0 1 2 5 6 8
543,1 2 3 4 5 6
54,8
546,0 2 5 6 8
547,3 5 8
549,5 6 8
556,2 4 5 6 7 8
558,3 8
559,0 3 8
560,1 2 3 5 6 7
562,0 1 3 8
563,1 2 4 5 6 7
566,0 8
567,1 2 3 4 5 6 7
573,0 8
574,8
5,1 2 4 5 6 7
576,0 3 5 8
580,1 4 5 6 8
58,0 5 6 8
586,0 1 2 5 6 8
590,0 1 5 6 8
593,1 2 3 4 5 6 7
594,6 8
595,3 8
597,1 2 3 4 5 6 7
598,2 3 5 6
600,1 2 3 4 5 6 7
60,0 3 8
602,1 2 5 6 8
603,1 2 5 6 7
607,1 2 3 4 5 6 7
608,1 2 3 4 5 6
609,1 2 3 6 7
614,0 3 5 8
615,1 2 5 6 8
6,0 1 6 8
621,1 3 5 6 8
626,0 3 5 8
628,1 2 3 5 6 7 8
629,8
630,1 2 4 5 6 7
632,0 8
63,0 1 2 4 5 6 7
635,1 2 3 5 6 7 8
638,0 5 8
639,8
640,1 2 3 5 6 7
641,1 2 3 4 5 6
643,1 2 4 5 6 7
644,5
645,0 3 5 6 8
646,1 2 3 4 5 6 7
649,8
651,1 2 4 5 6 7 8
65,0 3 8
652,6 8
654,3 8
656,3 8
657,0 3 8
658,1 2 3 4 5 6 7
659,1 2 4 5 6 7
661,0 3 8
662,1 2 4 5 6 7
664,6 8
666,1 2 4 5 6 7 8
667,1 2 5 6
669,3 8
671,1 2 3 4 5 6 7 8
672,1 2 4 5 6 7
673,3 5 6 8
674,0 6 8
675,3 5
67,0 2 5 6 7 8
676,7
678,0 6 8
680,3 8
681,0 3 5 8
682,8
683,6 8
684,1 2 3 4 5 6 7
685,0 3 5 8
68,5 6 8
688,1 2 3 4 5 6
689,1 2 3 5 6 7
69,1 2 4 5 6 7
692,0 3 8
694,5 6 8
695,0 1 5 6 8
698,1 2 3 5 6
701,1 2 3 4 5 6 7
703,0 3 5 8
705,1 8
707,0 8
708,0 8
709,1 2 4 5 6 7
710,3 8
712,0 2 3 5 6
714,0 3 8
71,0 2 3 5 6 8
716,0 8
7,0 1 8
720,8
721,3 6 8
722,0 2 6 8
723,1 2 3 5 6
726,1 2 3 5 6
728,6 8
732,6 8
733,0 3 6 8
734,2 5 6 8
735,1 2 5 6 7 8
736,2 3 4 5 6 8
738,0 3 8
739,0 3 8
742,1 2 5 6 8
744,0 1 8
74,8
747,1 2 5 6 8
749,1 2 5 6 8
752,2 4 5 6 7
75,0 8
756,0 6 8
759,0 2 6 8
760,0 8
761,1 2 3 4 5 6
767,1 2 4 5 6
768,0 8
769,0 2 3 5 6 8
772,1 2 3 4 5 6
775,0 1 3 5
77,0 8
776,1 2 3 4 5 6 7
779,0 1 8
78,1 2 6
782,0 1 5 6 8
783,0 3 8
787,0 1 8
788,1 2 4 5 6 7
790,6 8
791,6 8
79,0 1 6 8
792,1 2 5 6 8
794,0 3 5 8
795,3 6 8
798,3 6 8
799,1 2 3 4 5 6 7 8
800,0 2 3 4 5 6 7 8
802,8
803,1 2 5 6 8
805,0 1 2 3 5 6 8
806,0 2 5 6 8
807,1 2 3 5 6
808,0 8
809,3 5 6
810,0 8
81,1 2 3 4 5 6 7 8
811,1 2 3 5 6
812,1 2 3 5 6
813,1 2 4 5 6
814,1 2 4 5 6 7
815,0 2 3 5 6
816,0 8
818,0 3 8
821,3 8
822,0 8
827,0 3 8
828,0
8,1 2 4 5 6 7
830,1 2 4 5 6
838,3 8
839,0 8
841,0 5 6 8
84,6 8
842,0 1 3 5 6 8
843,0 5 6 7
845,0 3 5 8
846,2 4 5 6 7 8
847,0 3 8
848,0 3
850,1 2 3 5 6 7 8
85,1 2 3 5 6 7 8
851,3 8
852,0 8
853,1 2 3 5 6 7
856,8
857,1 2 4 5 6 7
862,1 2 3 4 5 6 7
870,1 2 4 5 6 7 8
87,0 2 5 6 8
872,0 3 5 8
873,0 3 8
876,3
878,1 2 3 5 6 7
881,0 1 3 5 8
882,1 2 3 5 6 8
883,1 3 5 6 8
884,0 3 5 6
887,3 8
890,0 3 8
891,3 5 6 8
893,0 1 2 6 8
894,1 2 5 6 7
89,0 3 8
899,1 2 3 4 5 6
900,3 8
904,0 2 3 6 8
905,2 6 8
906,0 3 8
908,1 2 3 5 6 7
909,0 2 5 6 7 8
910,8
911,0 3 8
912,1 2 5 6 8
91,0 1 2 3 5 6 8
913,1 2 4 5 6 7
916,2 3 4 5 6
917,2 3 5 6
918,1 2 3 4 5 6 7
919,0 3 8
920,0 8
922,0 5 8
923,0 3 8
9,1 2 4 5 6 7
925,0 8
927,2 3 5 6
928,0 1 3 5
929,1 5 6 7
930,1 2 3 5 6 7
931,1 2 3 4 5 6
93,1 2 5 6 7
936,1 2 3 5 6 7 8
939,6 8
940,0 3 5 6 8
941,0 5
943,3 8
949,1 2 4 5 6
951,1 2 4 5 6 7
953,0 1 2 5 6 8
955,0 1 8
956,1 2 3 5 6 7
959,3 5 6 8
963,1 2 3 4 5 6 7
964,0 3 8
96,0 3 5 6 8
966,1 3 5 6 7
967,1 2 3 5 6
968,0 3 8
969,3 6 8
972,1 2 4 5 6 7
974,0 1 3 5
976,0 3 5 6 8
980,1 2 3 5 6 8
981,3 6 8
982,3 8
985,1 2 3 4 5 6 8
988,1 2 4 5 6 7 8
989,1 2 3 4 5 6 7
99,1 2 4 5 6 7
991,1 2 3 5 6 7
993,3 6 8
997,8
998,1 2 4 5 6 7
999,1 2 5 6 7
